block,timestamp,blocktime,transactions,tps
3501,1675760628025,11.99,2,0.16680567139282734
3502,1675760640033,12.008,2,0.16655562958027983
3503,1675760652031,11.998,2,0.16669444907484582
3504,1675760664026,11.995,2,0.16673614005835766
3505,1675760676027,12.001,2,0.16665277893508876
3506,1675760688033,12.006,2,0.16658337497917708
3507,1675760700029,11.996,2,0.16672224074691563
3508,1675760712030,12.001,2,0.16665277893508876
3509,1675760724030,12,2,0.16666666666666666
3510,1675760736026,11.996,2,0.16672224074691563
3511,1675760748029,12.003,2,0.16662501041406316
3512,1675760760033,12.004,2,0.16661112962345886
3513,1675760772026,11.993,2,0.16676394563495373
3514,1675760784028,12.002,2,0.16663889351774702
3515,1675760796027,11.999,2,0.16668055671305942
3516,1675760808025,11.998,2,0.16669444907484582
3517,1675760820036,12.011,2,0.166514028806927
3518,1675760832036,12,2,0.16666666666666666
3519,1675760844026,11.99,2,0.16680567139282734
3520,1675760856029,12.003,2,0.16662501041406316
3521,1675760868028,11.999,2,0.16668055671305942
3522,1675760880031,12.003,2,0.16662501041406316
3523,1675760892032,12.001,2,0.16665277893508876
3524,1675760904031,11.999,2,0.16668055671305942
3525,1675760916026,11.995,2,0.16673614005835766
3526,1675760928030,12.004,2,0.16661112962345886
3527,1675760940037,12.007,2,0.16656950112434413
3528,1675760952027,11.99,2,0.16680567139282734
3529,1675760964030,12.003,2,0.16662501041406316
